keyword,judul,media,tanggal,link,isi_berita
SPPG Kota Banjarbaru Banjarbaru Utara Komet,"Cemari Lingkungan, Komisi III DPRD Banjarbaru Cek SPPG ‘Merah’",Kanal Kalimantan,"Thu, 12 Feb 2026 08:00:00 GMT",https://www.kanalkalimantan.com/cemari-lingkungan-komisi-iii-dprd-banjarbaru-cek-sppg-merah/,"KANALKALIMANTAN.COM, BANJARBARU – Komisi III DPRD Banjarbaru meninjau Satuan Pemenuhan Pelayanan Gizi (SPPG) yang diduga mencemari lingkungan dari limbah produksi dapur program Makan Bergizi Gratis (MBG), Kamis (12/2/2026) siang.

Empat SPPG dikunjungi Komisi III DPRD Banjarbaru menindak lanjuti pertemuan semua pengelola SPPG se Kota Banjarbaru dengan Dinas Lingkungan Hidup (DLH) Kota Banjarbaru, beberapa waktu lalu.

Pengecekan dapur MBG dipimpin langsung Ketua Komisi III DPRD Banjarbaru, Muham... [Selengkapnya di file TXT]"
SPPG Kota Banjarbaru Banjarbaru Utara Komet,Warga Banjarbaru khawatir keberadaan dapur MBG di tengah permukiman,ANTARA News,"Wed, 24 Sep 2025 07:00:00 GMT",https://kalsel.antaranews.com/berita/485684/warga-banjarbaru-khawatir-keberadaan-dapur-mbg-di-tengah-permukiman,"Banjarbaru (ANTARA) - Sejumlah warga Kota Banjarbaru, Kalimantan Selatan, (Kalsel), mengkhawatirkan keberadaan Satuan Pelayanan Pemenuhan Gizi (SPPG) atau dapur program Makanan Bergizi Gratis (MBG) yang berdiri di tengah komplek perumahan karena berpotensi mengganggu ketenangan lingkungan.

""Kami tentu khawatir keberadaan dapur MBG di tengah permukiman bisa mengganggu ketenangan dan waktu istirahat,"" ujar Wahyono, warga Jalan Transad Perumahan Palam Indah, Cempaka Banjarbaru, Rabu.

Menurut pria... [Selengkapnya di file TXT]"
SPPG Kota Banjarbaru Banjarbaru Utara Komet,"DKP3 Banjarbaru Awasi Program MBG, Pastikan Pangan Aman dan Gunakan Produk Lokal",Redaksi 8,"Fri, 30 Jan 2026 08:00:00 GMT",https://redaksi8.com/dkp3-banjarbaru-awasi-program-mbg-pastikan-pangan-aman-dan-gunakan-produk-lokal/,[Isi berita gagal diekstrak secara utuh. Teks terlalu pendek atau diproteksi. Cek manual link: https://redaksi8.com/dkp3-banjarbaru-awasi-program-mbg-pastikan-pangan-aman-dan-gunakan-produk-lokal/]
SPPG Kota Banjarbaru Banjarbaru Utara Komet,Kodim 1006/Banjar Hadiri High Level Meeting TPID Kota Banjarbaru Tahun 2025,Redaksi 8,"Fri, 24 Oct 2025 07:00:00 GMT",https://redaksi8.com/kodim-1006-banjar-hadiri-high-level-meeting-tpid-kota-banjarbaru-tahun-2025/,[Isi berita gagal diekstrak secara utuh. Teks terlalu pendek atau diproteksi. Cek manual link: https://redaksi8.com/kodim-1006-banjar-hadiri-high-level-meeting-tpid-kota-banjarbaru-tahun-2025/]
SPPG Kota Banjarbaru Banjarbaru Utara Komet,"Sejarah Lengkap Museum Lambung Mangkurat: Berdiri Sejak Zaman Kolonial, Ini Koleksi Andalannya",pojokbanua.com,"Tue, 27 Jul 2021 07:00:00 GMT",https://pojokbanua.com/sejarah-lengkap-museum-lambung-mangkurat-berdiri-sejak-zaman-kolonial-ini-koleksi-andalannya/,"POJOKBANUA, BANJARBARU – Museum Lambung Mangkurat, tempat bersejarah yang menyimpan sejuta koleksi barang berharga di dalamnya. Banyak benda peninggalan leluhur, baik bekas perjuangan maupun lainnya.

Museum ini berada di Jalan Jenderal Ahmad Yani Km.36,5 Kelurahan Komet Raya, Kecamatan Banjarbaru Utara, Kota Banjarbaru, Kalimantan Selatan (Kalsel).

Lambung Mangkurat diresmikan pada 10 Januari 1979 oleh Menteri Pendidikan dan Kebudayaan Republik Indonesia (Mendikbud), Dr Daoed Yoesoef.

Dulunya... [Selengkapnya di file TXT]"
SPPG Kota Banjarbaru Banjarbaru Utara Komet,"Dua Aksi Penjambretan, Guru SD Meninggal Dunia, Susiati Hilang Uang Komite Rp 50 juta",Kanal Kalimantan,"Tue, 13 Feb 2018 08:00:00 GMT",https://www.kanalkalimantan.com/dua-aksi-penjambretan-guru-sd-meninggal-dunia-susiati-hilang-uang-komite-rp-50-juta/,"BANJARBARU, Hj Darmiah, seorang guru sekolah dasar di kota Banjarbaru jadi korban penjambretan. Sempat dilarikan ke rumah sakit Hj Darmiah hembuskan nafas terakhir, setelah terjatuh dari sepeda motor saat dijambret.

Kejadian penjambretan terhadap Hj Darmiah, terjadi Minggu (11/2) sekitar pukul 09.00 Wita di Jalan Wijaya Kusuma -depan TK Sandi Putra-, Kelurahan Komet, Kecamatan Banjarbaru Utara, Kota Banjarbaru.

Menurut keterangan saksi mata, saat itu korban Hj Darmiah (64) sedang pulang dari p... [Selengkapnya di file TXT]"
SPPG Kota Banjarbaru Banjarbaru Utara Komet,"Sudah Ada 20 SPPG di Banjarbaru Kalsel, Salurkan MBG ke 17.109 Siswa",Tribunnews.com,"Fri, 19 Sep 2025 07:00:00 GMT",https://banjarmasin.tribunnews.com/kalsel/1330642/sudah-ada-20-sppg-di-banjarbaru-kalsel-salurkan-mbg-ke-17109-siswa,"BANJARMASINPOST.CO.ID, BANJARBARU - Satuan Pelayanan Pemenuhan Gizi (SPPG) di Kota Banjarbaru menyalurkan Program MBG 2025, mulai dari wilayah Sungai Besar, Cempaka, Landasan Ulin, hingga Komet.

Berdasarkan data yang dihimpun, tercatat sejumlah SPPG yang berkolaborasi dengan yayasan menyalurkan MBG ke lembaga pendidikan tersebar di lima kecamatan di Banjarbaru.

Misalnya SPPG Sungai Besar 1 yang dikelola Yayasan Taman Pendidikan Islam Ar-Rahman, berlokasi di Jalan Pramaban, serta SPPG Sungai Be... [Selengkapnya di file TXT]"
SPPG Kota Banjarbaru Banjarbaru Utara Komet,"Inilah Sosok H Nurkhalis Anshari, Politisi PKS yang Memutuskan Maju Dalam Kontestasi Pilkada Banjarbaru 2024",Newsway,"Thu, 30 May 2024 07:00:00 GMT",https://newsway.co.id/inilah-sosok-h-nurkhalis-anshari-politisi-pks-yang-memutuskan-maju-dalam-kontestasi-pilkada-banjarbaru-2024/,"NEWSWAY.ID, BANJARBARU – Tokoh politik yang satu ini usianya baru 38 tahun, tapi sepak terjangnya didunia politik tidak bisa dipandang sebelah mata.

Beliau adalah Nurkhalis Anshari, pertama kali menduduki kursi dewan sejak berusia 28 tahun, ia sudah menyandang status sebagai Anggota DPRD Kota Banjarbaru dari Partai Keadilan Sejahtera (PKS), tepatnya di tahun 2014 yang lalu.

Berselang lima tahun berikutnya di Pileg 2019, ia kembali sukses melenggang ke parlemen dengan suara terbanyak (2.748 sua... [Selengkapnya di file TXT]"
SPPG Kota Banjarbaru Landasan Ulin Guntung Manggis 1,MBG di Banjarbaru Menyasar Balita dan Bumil Posyandu,Kanal Kalimantan,"Mon, 22 Dec 2025 08:00:00 GMT",https://www.kanalkalimantan.com/mbg-di-banjarbaru-menyasar-balita-dan-bumil-posyandu/,"KANALKALIMANTAN.COM, BANJARBARU – Posyandu Komplek Griya Pesona Bhayangkara, Kelurahan Guntung Manggis, Kecamatan Landasan Ulin, Kota Banjarbaru, menjadi penerima manfaat dari program Makan Bergizi Gratis (MBG), Senin (22/12/2025) siang.

Untuk kali pertama di Kota Banjarbaru, dapur MBG memperluas manfaat program untuk bayi di bawah lima tahun (Balita), bayi di bawah dua tahun (Baduta), ibu hamil (Bumil), dan ibu menyusui melalui Posyandu yang digelar rutin setiap bulan.

Satuan Pemenuhan Pelaya... [Selengkapnya di file TXT]"
SPPG Kota Banjarbaru Landasan Ulin Guntung Manggis 1,Dapur MBG di Guntung Manggis Dikeluhkan Warga Akibat Kebisingan Dini Hari,Habar Kalimantan,"Sat, 13 Dec 2025 08:00:00 GMT",https://habarkalimantan.com/dapur-mbg-di-guntung-manggis-dikeluhkan-warga-akibat-kebisingan-dini-hari/,"Banjarbaru – Keberadaan Dapur Makanan Bergizi Gratis (MBG) yang berlokasi di Jalan Galaksi, Kelurahan Guntung Manggis, Kecamatan Landasan Ulin, Kota Banjarbaru, menuai keluhan dari warga sekitar.

Hal tersebut muncul akibat kebisingan yang ditimbulkan aktivitas dapur pada dini hari, yang dinilai mengganggu waktu istirahat masyarakat.

Keluhan ini disampaikan sejumlah warga pada Sabtu (13/12/2025). Mereka menyebut aktivitas memasak yang dilakukan menimbulkan suara bising yang cukup terasa, teruta... [Selengkapnya di file TXT]"
SPPG Kota Banjarbaru Landasan Ulin Guntung Manggis 1,Polres Banjarbaru Tindak Lanjuti Laporan Balap Liar.,polresbanjarbaru.org,"Tue, 07 Oct 2025 07:00:00 GMT",https://polresbanjarbaru.org/polres-banjarbaru-tindak-lanjuti-laporan-balap-liar/,"Banjarbaru – Menindak Lanjuti laporan masyarakat melalui Call Center 110 Polri, terkait adanya aksi balap liar di Kel. Guntung Manggis Kec. Landasan Ulin Kota Banjarbaru. Minggu (05/10/2025)

Personel gabungan dari Polres Banjarbaru dan Polsek Liang Anggang melakukan blokade jalan dan berhasil mengamankan Belasan roda dua yang diduga melakukan aksi balap liar dan didapati rata – rata menggunakan knalpot brong.

Selanjutnya belasan roda dua tersebut dilakukan tindakan berupa tilang dan diamankan ... [Selengkapnya di file TXT]"
SPPG Kota Banjarbaru Landasan Ulin Guntung Manggis 1,"Banjir di Banjarbaru Meluas, 2.300 Jiwa Terdampak",Poros Kalimantan,"Mon, 05 Jan 2026 08:00:00 GMT",https://poroskalimantan.com/banjir-di-banjarbaru-meluas-2-300-jiwa-terdampak/,[Isi berita gagal diekstrak secara utuh. Teks terlalu pendek atau diproteksi. Cek manual link: https://poroskalimantan.com/banjir-di-banjarbaru-meluas-2-300-jiwa-terdampak/]
SPPG Kota Banjarbaru Landasan Ulin Guntung Manggis 1,"Peternak Babi Mengadu ke Ombudsdman, Pemko Banjarbaru; Silakan!",pojokbanua.com,"Fri, 12 Jul 2024 07:00:00 GMT",https://pojokbanua.com/peternak-babi-mengadu-ke-ombudsdman-pemko-banjarbaru-silakan/,"POJOKBANUA, BANJARBARU – Rencana pengaduan peternak babi ke Ombudsman Perwakilan Kalimantan Selatan (Kalsel) ihwal pelayangan surat peringatan kedua (SP2) sampai ke Pemko Banjarbaru.

Dihubungi pojokbanua.com pada Jumat (12/7/2024) siang Wali Kota Banjarbaru, Aditya Mufti Ariffin meminta untuk mengonfirmasi ke Satpol PP Banjarbaru ihwal pengaduan peternak babi ke Ombudsman.

“Silakan ke Satpol PP,” ujarnya kepada pojokbanua.com.

Sementara itu, Kepala Satpol PP Banjarbaru, Hidayaturahman mempers... [Selengkapnya di file TXT]"
SPPG Kota Banjarbaru Landasan Ulin Guntung Manggis 1,Pengelola Travel Umrah PT Musthafa Ary Tour Ditangkap! Diduga Menipu - Kaltengpos.jawapos.com,KaltengPos,"Tue, 11 Feb 2025 08:00:00 GMT",https://kaltengpos.jawapos.com/nasional/2626277232/pengelola-travel-umrah-pt-musthafa-ary-tour-ditangkap-diduga-menipu,[Isi berita gagal diekstrak secara utuh. Teks terlalu pendek atau diproteksi. Cek manual link: https://kaltengpos.jawapos.com/nasional/2626277232/pengelola-travel-umrah-pt-musthafa-ary-tour-ditangkap-diduga-menipu]
SPPG Kota Banjarbaru Landasan Ulin Guntung Manggis 1,Ponpes Walisongo Banjarbaru Gelar Peringatan Satu Abad NU dan Haul Tokoh NU,banjarbaruklik.com,"Thu, 02 Feb 2023 08:00:00 GMT",https://banjarbaruklik.com/ponpes-walisongo-banjarbaru-gelar-peringatan-satu-abad-nu-dan-haul-tokoh-nu/,[Isi berita gagal diekstrak secara utuh. Teks terlalu pendek atau diproteksi. Cek manual link: https://banjarbaruklik.com/ponpes-walisongo-banjarbaru-gelar-peringatan-satu-abad-nu-dan-haul-tokoh-nu/]
SPPG Kota Banjarbaru Landasan Ulin Guntung Manggis 1,"Sudah Ada 20 SPPG di Banjarbaru Kalsel, Salurkan MBG ke 17.109 Siswa",Tribunnews.com,"Fri, 19 Sep 2025 07:00:00 GMT",https://banjarmasin.tribunnews.com/kalsel/1330642/sudah-ada-20-sppg-di-banjarbaru-kalsel-salurkan-mbg-ke-17109-siswa,"BANJARMASINPOST.CO.ID, BANJARBARU - Satuan Pelayanan Pemenuhan Gizi (SPPG) di Kota Banjarbaru menyalurkan Program MBG 2025, mulai dari wilayah Sungai Besar, Cempaka, Landasan Ulin, hingga Komet.

Berdasarkan data yang dihimpun, tercatat sejumlah SPPG yang berkolaborasi dengan yayasan menyalurkan MBG ke lembaga pendidikan tersebar di lima kecamatan di Banjarbaru.

Misalnya SPPG Sungai Besar 1 yang dikelola Yayasan Taman Pendidikan Islam Ar-Rahman, berlokasi di Jalan Pramaban, serta SPPG Sungai Be... [Selengkapnya di file TXT]"
SPPG Kota Banjarbaru Landasan Ulin Guntung Manggis 1,5 Destinasi Wisata Alam di Banjarbaru yang Wajib Masuk Daftar Liburan Anda - Ketik News,Ketik News,"Fri, 24 Nov 2023 08:00:00 GMT",https://www.ketiknews.id/pariwisata/30110970721/5-destinasi-wisata-alam-di-banjarbaru-yang-wajib-masuk-daftar-liburan-anda?page=2,"Wisata Danau Seran adalah sebuah danau buatan yang terbentuk dari bekas galian tambang intan. Danau ini memiliki luas sekitar 10 hektar dan airnya berwarna biru kehijauan.

Di danau ini, Anda bisa menikmati berbagai aktivitas seru seperti berenang, bermain perahu karet, banana boat, flying fox, dan lain-lain.

Anda juga bisa bersantai di gazebo-gazebo yang tersedia di sekitar danau. Wisata Danau Seran berlokasi di Jl. Sungai Sumba, Guntungmanggis, Kec. Landasan Ulin, Kota Banjar Baru.

Embung Si... [Selengkapnya di file TXT]"
SPPG Kota Banjarbaru Banjarbaru Utara Mentaos,Komisi III DPRD Banjarbaru tinjau UPT produksi perikanan BAT,ANTARA News,"Mon, 12 Dec 2022 08:00:00 GMT",https://kalsel.antaranews.com/berita/353771/komisi-iii-dprd-banjarbaru-tinjau-upt-produksi-perikanan-bat,"Banjarbaru (ANTARA) - Rombongan Komisi III DPRD Kota Banjarbaru meninjau Unit Pelaksana Teknis Produksi Perikanan Budidaya Air Tawar yang dikelola Dinas Ketahanan Pangan, Pertanian dan Perikanan Banjarbaru, Kalsel."
SPPG Kota Banjarbaru Banjarbaru Utara Mentaos,"Dua Aksi Penjambretan, Guru SD Meninggal Dunia, Susiati Hilang Uang Komite Rp 50 juta",Kanal Kalimantan,"Tue, 13 Feb 2018 08:00:00 GMT",https://www.kanalkalimantan.com/dua-aksi-penjambretan-guru-sd-meninggal-dunia-susiati-hilang-uang-komite-rp-50-juta/,"BANJARBARU, Hj Darmiah, seorang guru sekolah dasar di kota Banjarbaru jadi korban penjambretan. Sempat dilarikan ke rumah sakit Hj Darmiah hembuskan nafas terakhir, setelah terjatuh dari sepeda motor saat dijambret.

Kejadian penjambretan terhadap Hj Darmiah, terjadi Minggu (11/2) sekitar pukul 09.00 Wita di Jalan Wijaya Kusuma -depan TK Sandi Putra-, Kelurahan Komet, Kecamatan Banjarbaru Utara, Kota Banjarbaru.

Menurut keterangan saksi mata, saat itu korban Hj Darmiah (64) sedang pulang dari p... [Selengkapnya di file TXT]"
SPPG Kota Banjarbaru Banjarbaru Utara Mentaos,"Inilah Sosok H Nurkhalis Anshari, Politisi PKS yang Memutuskan Maju Dalam Kontestasi Pilkada Banjarbaru 2024",Newsway,"Thu, 30 May 2024 07:00:00 GMT",https://newsway.co.id/inilah-sosok-h-nurkhalis-anshari-politisi-pks-yang-memutuskan-maju-dalam-kontestasi-pilkada-banjarbaru-2024/,"NEWSWAY.ID, BANJARBARU – Tokoh politik yang satu ini usianya baru 38 tahun, tapi sepak terjangnya didunia politik tidak bisa dipandang sebelah mata.

Beliau adalah Nurkhalis Anshari, pertama kali menduduki kursi dewan sejak berusia 28 tahun, ia sudah menyandang status sebagai Anggota DPRD Kota Banjarbaru dari Partai Keadilan Sejahtera (PKS), tepatnya di tahun 2014 yang lalu.

Berselang lima tahun berikutnya di Pileg 2019, ia kembali sukses melenggang ke parlemen dengan suara terbanyak (2.748 sua... [Selengkapnya di file TXT]"
SPPG Kota Banjarbaru Liang Anggang Landasan Ulin Utara 1,"Temuan MBG Belatung, SPPG Landasan Ulin Utara 1 Ditutup",Kanal Kalimantan,"Wed, 29 Oct 2025 07:00:00 GMT",https://www.kanalkalimantan.com/temuan-mbg-belatung-sppg-landasan-ulin-utara-1-ditutup/,"KANALKALIMANTAN.COM, BANJARBARU – Satuan Pemenuhan Pelayanan Gizi (SPPG) Landasan Ulin Utara 1, Kota Banjarbaru, Provinsi Kalimantan Selatan menghentikan sementara menyalurkan paket makanan bergizi gratis ke sejumlah penerima manfaat.

Pemberhentian alias penutupan sementara SPPG ini dibenarkan Kepala Dinas Pendidikan (Disdik) Kota Banjarbaru Dedy Sutoyo saat dikonfirmasi, Selasa (28/10/2025).

Dia menyebut sajian menu MBG dari dapur ini dihentikan sementara operasionalnya karena diduga menyalur... [Selengkapnya di file TXT]"
SPPG Kota Banjarbaru Liang Anggang Landasan Ulin Utara 1,BGN Putuskan Dapur MBG Landasan Ulin,Kalimantan Post,"Thu, 27 Nov 2025 08:00:00 GMT",https://kalimantanpost.com/2025/11/bgn-putuskan-dapur-mbg-landasan-ulin/,"Banjarbaru, KP – Badan Gizi Nasional (BGN) memutuskan dapur Makan Bergizi Gratis (MBG) Landasan Ulin Utara 1 Kota Banjarbaru.

Satuan Pelayanan Pemenuhan Gizi (SPPG) Landasan Ulin Utara 1 Kota Banjarbaru dipastikan beroperasi kembali mulai terhitung Rabu 26 November 2025.

Koordinator Wilayah (Korwil) SPPG Kota Banjarbaru, Citra Nurfitriani, mengatakan BGN memutuskan dapur MBG itu dapat kembali menyalurkan paket makanan pasca temuan sebagian menu yang tidak layak pada Jumat (24/10).

“Keputusan ... [Selengkapnya di file TXT]"
SPPG Kota Banjarbaru Liang Anggang Landasan Ulin Utara 1,"Limbah Dapur SPPG Landasan Ulin Utara Dikeluhkan Warga, Sumur hingga Kebun Terdampak",Redaksi 8,"Tue, 27 Jan 2026 08:00:00 GMT",https://redaksi8.com/limbah-dapur-sppg-landasan-ulin-utara-dikeluhkan-warga-sumur-hingga-kebun-terdampak/,[Isi berita gagal diekstrak secara utuh. Teks terlalu pendek atau diproteksi. Cek manual link: https://redaksi8.com/limbah-dapur-sppg-landasan-ulin-utara-dikeluhkan-warga-sumur-hingga-kebun-terdampak/]
SPPG Kota Banjarbaru Liang Anggang Landasan Ulin Utara 1,BGN Putuskan Dapur MBG Landasan Ulin Utara Kembali Beroperasional,Kanal Kalimantan,"Wed, 26 Nov 2025 08:00:00 GMT",https://www.kanalkalimantan.com/bgn-putuskan-dapur-mbg-landasan-ulin-utara-kembali-beroperasinal/,"KANALKALIMANTAN.COM, BANJARBARU – Satuan Pelayanan Pemenuhan Gizi (SPPG) Landasan Ulin Utara 1 Kota Banjarbaru dipastikan beroperasi kembali mulai terhitung Rabu 26 November 2025.

Koordinator Wilayah (Korwil) SPPG Kota Banjarbaru, Citra Nurfitriani, mengatakan Badan Gizi Nasional (BGN) memutuskan dapur Makan Bergizi Gratis (MBG) itu dapat kembali menyalurkan paket makanan pasca temuan sebagian menu yang tidak layak pada Jumat (24/10/2025) lalu.

“Keputusan ini atas pertimbangan BGN yang menilai... [Selengkapnya di file TXT]"
SPPG Kota Banjarbaru Liang Anggang Landasan Ulin Utara 1,SPPG Penyedia Menu Belatung Belum Jelas Tutup atau Lanjut,Kanal Kalimantan,"Wed, 29 Oct 2025 07:00:00 GMT",https://www.kanalkalimantan.com/sppg-penyedia-menu-belatung-belum-jelas-tutup-atau-lanjut/,"KANALKALIMANTAN.COM, BANJARBARU – Nasib Satuan Pemenuhan Pelayanan Gizi (SPPG) Landasan Ulin Utara 1 di Kecamatan Liang Anggang, Kota Banjarbaru, Provinsi Kalimantan Selatan, masih menjadi tanda tanya.

Pasca dilaporkan dugaan penyaluran sebagian menu Makan Bergizi Gratis (MBG) ada belatung pada Jumat (24/10/2025), kondisi SPPG itu terpantau masih belum ada aktivitas maupun pernyataan resmi baik dari pemilik dapur maupun kepala dapur.

Dinas Kesehatan Kota Banjarbaru mengungkap bahwa SPPG terseb... [Selengkapnya di file TXT]"
SPPG Kota Banjarbaru Liang Anggang Landasan Ulin Utara 1,"Ditemukan Banyak Kekurangan, SPPG Jalan Kurnia Landasan Ulin Utara Diminta Segera Berbenah",Newsway,"Wed, 28 Jan 2026 08:00:00 GMT",https://newsway.co.id/ditemukan-banyak-kekurangan-sppg-jalan-kurnia-landasan-ulin-utara-diminta-segera-berbenah/,"NEWSWAY.CO.ID, BANJARBARU – Munculnya persoalan pembuangan limbah dari Satuan Pelaksana Program Gizi (SPPG) Landasan Ulin Utara, Liang Anggang, M. Iqbal R (ID SPPG: KLVD8GXJ), menjadi perhatian berbagai pihak.

Salah satunya adalah dari Kantor Pusat Pengendalian Lingkungan Hidup Kalimantan yang terjun langsung ke lapangan di dampingi dari beberapa staf Dinas Lingkungan Hidup pada Rabu, (28/01/2026).

Melalui perwakilannya, Rahayu S menyatakan bahwa pihaknya telah meninjau langsung kondisi di lap... [Selengkapnya di file TXT]"
SPPG Kota Banjarbaru Liang Anggang Landasan Ulin Utara 1,BGN Izinkan SPPG Landasan Ulin Utara 1 Beroperasi Lagi Usai Kasus Belatung - Radar Banjarmasin,Radar Banjarmasin,"Tue, 25 Nov 2025 08:00:00 GMT",https://radarbanjarmasin.jawapos.com/radar-kota/1976877992/bgn-izinkan-sppg-landasan-ulin-utara-1-beroperasi-lagi-usai-kasus-belatung,"BANJARBARU — Setelah sempat dihentikan akibat temuan masalah pada distribusi makan bergizi gratis, Satuan Pelayanan Pemenuhan Gizi (SPPG) Landasan Ulin Utara 1 dipastikan kembali beroperasi mulai Rabu (26/11).

Kepastian itu disampaikan Kepala SPPG Caraka Landasan Ulin Utara Muhammad Nasrullah, Selasa (25/11) malam.

""Alhamdulillah untuk SPPG Landasan Ulin Utara 1 mulai besok akan beroperasional kembali,"" ujarnya.

Baca Juga: Dari Limbah Kayu Cianjur ke Pasar Global: Kisah Faber Instrument Tembu... [Selengkapnya di file TXT]"
SPPG Kota Banjarbaru Liang Anggang Landasan Ulin Utara 1,SPPG Landasan Ulin Utara 1 Sepi Buntut Isu MBG Berbelatung,Poros Kalimantan,"Wed, 29 Oct 2025 07:00:00 GMT",https://poroskalimantan.com/sppg-landasan-ulin-utara-1-sepi-buntut-isu-mbg-berbelatung/,[Isi berita gagal diekstrak secara utuh. Teks terlalu pendek atau diproteksi. Cek manual link: https://poroskalimantan.com/sppg-landasan-ulin-utara-1-sepi-buntut-isu-mbg-berbelatung/]
SPPG Kota Banjarbaru Liang Anggang Landasan Ulin Utara 1,"Dikeluhkan Warga Karena Limbah, DLH Banjarbaru Minta Pengelola SPPG Landasan Ulin Utara 2 Buat IPAL",Tribunnews.com,"Tue, 27 Jan 2026 08:00:00 GMT",https://banjarmasin.tribunnews.com/kalsel/1347453/dikeluhkan-warga-karena-limbah-dlh-banjarbaru-minta-pengelola-sppg-landasan-ulin-utara-2-buat-ipal,"BANJARMASINPOST.CO.ID, BANJARBARU - Dinas Lingkungan Hidup (DLH) Kota Banjarbaru merespons aduan dugaan pencemaran limbah dari Satuan Pelayanan Pemenuhan Gizi (SPPG) Landasan Ulin Utara 2, di Jalan Kurnia RT 3 Kelurahan Landasan Ulin Utara, Kecamatan Lianganggang.

Kasi Pengawasan dan Penegakan Hukum Lingkungan DLH Banjarbaru, Akhmad Arie Wijaya Abdur, mengatakan setelah mendapatkan aduan, pihaknya langsung menurunkan tim untuk melakukan pengecakan langsung ke lapangan.

Hasilnya, didapati bahwa... [Selengkapnya di file TXT]"
SPPG Kota Banjarbaru Liang Anggang Landasan Ulin Utara 1,"Menu Hamburger MBG SMPN 10 Banjarbaru Mengandung Belatung Hidup, Distribusi Dapur SPPG Dihentikan Sementara - Radar Banjarmasin",Radar Banjarmasin,"Tue, 28 Oct 2025 07:00:00 GMT",https://radarbanjarmasin.jawapos.com/radar-kota/1976758541/menu-hamburger-mbg-smpn-10-banjarbaru-mengandung-belatung-hidup-distribusi-dapur-sppg-dihentikan-sementara,"BANJARBARU - Program Makan Bergizi Gratis (MBG) kembali menjadi sorotan di Kota Banjarbaru. Menu hamburger yang disajikan kepada para siswa SMPN 10 Banjarbaru, Kecamatan Liang Anggang, pada Jumat (24/10/2025) lalu, ditemukan mengandung belatung hidup.

Informasi yang dihimpun, tampak larva berwarna putih bergerak di lauk dan sayur yang disajikan dalam wadah (ompreng). Sebagian siswa diketahui telah mengonsumsi makanan tersebut sebelum temuan itu diketahui.

Kepala SMPN 10 Banjarbaru Moh Zaid Set... [Selengkapnya di file TXT]"
SPPG Kota Palangka Raya Jekan Raya Menteng 2,Program Makan Bergizi Gratis Dorong Penurunan Stunting dan Dukung Belajar Anak di Palangka Raya,mmc.kalteng.go.id,"Thu, 10 Jul 2025 07:00:00 GMT",https://mmc.kalteng.go.id/berita/read/47861/program-makan-bergizi-gratis-dorong-penurunan-stunting-dan-dukung-belajar-anak-di-palangka-raya,"Kontribusi dari Anggelina Rentika Karolina,  10 Juli 2025 13:02, Dibaca 3,124 kali.

Suasana Makan Bergizi Gratis SDN 1 Menteng (Source : Enggie)

Suasana Makan Bergizi Gratis SDN 1 Menteng (Source : Enggie)

MMCKalteng - Palangka Raya - Salah satu cakupan program prioritas Asta Cita adalah Makan Bergizi Gratis (MBG) yang diinisiasi Presiden Prabowo Subianto, untuk memastikan setiap anak Indonesia tumbuh sehat untuk siap belajar dan berkembang. Program tersebut terus bergulir dan memberikan damp... [Selengkapnya di file TXT]"
SPPG Kota Palangka Raya Jekan Raya Menteng 2,Tenaga Penjamah Makanan Harus Memiliki Kompetensi Dan Sertifikasi Keamanan Pangan,Pemerintah Kota Palangka Raya,"Mon, 13 Oct 2025 07:00:00 GMT",https://palangkaraya.go.id/tenaga-penjamah-makanan-harus-memiliki-kompetensi-dan-sertifikasi-keamanan-pangan/,"MEDIA CENTER, Palangka Raya – Dinas Kesehatan (Dinkes) Kota Palangka Raya menggelar Pelatihan Penjamah Makanan dan Keamanan Pangan di Aula Arya Dharma Polda Kalimantan Tengah, Senin (13/10/2025).

Pelatihan ini sebagai bagian penting dari percepatan penerbitan Sertifikat Laik Higiene Sanitasi (SLHS) bagi dapur Satuan Pelayanan Pemenuhan Gizi (SPPG).

Plt Kepala Dinas Kesehatan Kota Palangka Raya, Riduan menegaskan bahwa dapur bersih saja belum cukup, tenaga penjamah makanan pun harus memiliki ko... [Selengkapnya di file TXT]"
SPPG Kota Palangka Raya Jekan Raya Menteng 2,Kodim 1016/Plk Tinjau Pelaksanaan Perdana Makan Bergizi Gratis,RRI.co.id,"Mon, 17 Feb 2025 08:00:00 GMT",https://rri.co.id/palangkaraya/makan-bergizi-gratis/1330083/kodim-1016-plk-tinjau-pelaksanaan-perdana-makan-bergizi-gratis,"KBRN, Palangka Raya: Program prioritas nasional yakni Makan Bergizi Gratis (MBG) telah berlangsung di Kota Palangka Raya. Pelaksanaan program ini perdana dilakukan Satuan Pelayanan Pemenuhan Gizi (SPPG) yang terletak di Jalan Garuda.

Menurut keterangan resmi yang diterima RRI Palangka Raya, pada Senin (17/2/2025), SPPG yang berlokasi di Jalan Garuda V Gg IV No. 1, Kelurahan Palangka, Kecamatan Jekan Raya, menyasar tingkat Sekolah PAUD, TK dan SD. Proses persiapan di dapur sehat hingga penyalura... [Selengkapnya di file TXT]"
SPPG Kota Palangka Raya Jekan Raya Menteng 2,Makan Bergizi Gratis Disambut Antusias Siswa SDN 1 Menteng Palangka Raya,Intim News,"Thu, 10 Jul 2025 07:00:00 GMT",https://intimnews.com/makan-bergizi-gratis-disambut-antusias-siswa-sdn-1-menteng-palangka-raya/,[Isi berita gagal diekstrak secara utuh. Teks terlalu pendek atau diproteksi. Cek manual link: https://intimnews.com/makan-bergizi-gratis-disambut-antusias-siswa-sdn-1-menteng-palangka-raya/]
SPPG Kota Palangka Raya Jekan Raya Menteng 2,"Baru 16 Sekolah Terlayani, Program Makan Bergizi di Palangka Raya Butuh 20 Titik SPPG",Kompas.com,"Fri, 24 Jan 2025 08:00:00 GMT",https://regional.kompas.com/read/2025/01/24/103855378/baru-16-sekolah-terlayani-program-makan-bergizi-di-palangka-raya-butuh-20?page=all,"PALANGKA RAYA, KOMPAS.com - Program makan bergizi gratis (MBG) di Kota Palangka Raya, Provinsi Kalimantan Tengah, masih belum dapat menyentuh seluruh sekolah di kota setempat.

Hal ini disebabkan karena masih terbatasnya jumlah dapur umum atau Satuan Pelayanan Pemenuhan Gizi (SPPG).

Hingga kini, program MBG di Palangka Raya masih terbatas dilakukan di 16 sekolah yang menjadi cakupan satu SPPG.

SPPG untuk MBG di 16 sekolah itu terletak di Jalan Bukit Kenanga, Kelurahan Palangka, Kecamatan Jekan... [Selengkapnya di file TXT]"
SPPG Kota Palangka Raya Jekan Raya Menteng 2,"Total Ada 17 SPPG di Palangka Raya, BGN Tegaskan Wajib Penuhi SLHS - Kaltengpos.jawapos.com",KaltengPos,"Wed, 01 Oct 2025 07:00:00 GMT",https://kaltengpos.jawapos.com/palangka-raya/2626646240/total-ada-17-sppg-di-palangka-raya-bgn-tegaskan-wajib-penuhi-slhs,"PALANGKA RAYA – Sebanyak 17 Sentra Penyedia Pangan Gizi (SPPG) telah berdiri di Kota Palangka Raya. Dari jumlah tersebut 13 SPPG sudah beroperasi, 2 SPPG masih dalam masa renovasi, dan 2 SPPG telah memiliki ketua namun belum mulai beroperasi.

Koordinator Regional Badan Gizi Nasional (BGN) Kalimantan Tengah Elisa Agustino menjelaskan bahwa seluruh SPPG saat ini sudah memiliki Sertifikat Laik Higiene Sanitasi (SLHS). Namun sertifikat itu masih tercatat atas nama perusahaan katering bukan SPPG.

B... [Selengkapnya di file TXT]"
SPPG Kota Palangka Raya Jekan Raya Menteng 2,Sebanyak 16 sekolah di Palangka Raya jalankan program makan bergizi gratis,ANTARA News Kalteng,"Mon, 13 Jan 2025 08:00:00 GMT",https://kalteng.antaranews.com/berita/740054/sebanyak-16-sekolah-di-palangka-raya-jalankan-program-makan-bergizi-gratis,"Palangka Raya (ANTARA) - Sebanyak 16 sekolah di Kota Palangka Raya, Kalimantan Tengah secara resmi menjalankan program makan bergizi gratis, yang merupakan program dari Presiden RI Prabowo Subianto, Senin.

kata Kepala Satuan Pelayanan Pemenuhan Gizi (SPPG) Bukit Kenanga, Novriyan di Palangka Raya, Senin, mengatakan salah satu sekolah yang melaksanakan program makan bergizi gratis, yakni di SDN 1 Bukit Tunggal, Kecamatan Jekan Raya, dengan jumlah siswa 412 orang.

""Kalau menu hari ini, kita ada ... [Selengkapnya di file TXT]"
SPPG Kota Palangka Raya Jekan Raya Menteng 2,5 Populer Regional: Pejabat BIN Kalteng Ngamuk Pukul Satpol PP - 20 Kades di Sumsel Kena OTT,msn.com,"Thu, 24 Jul 2025 07:00:00 GMT",https://www.msn.com/id-id/berita/other/5-populer-regional-pejabat-bin-kalteng-ngamuk-pukul-satpol-pp-20-kades-di-sumsel-kena-ott/ar-AA1JjCLp?apiversion=v2&noservercache=1&domshim=1&renderwebcomponents=1&wcseo=1&batchservertelemetry=1&noservertelemetry=1,[Isi berita gagal diekstrak secara utuh. Teks terlalu pendek atau diproteksi. Cek manual link: https://www.msn.com/id-id/berita/other/5-populer-regional-pejabat-bin-kalteng-ngamuk-pukul-satpol-pp-20-kades-di-sumsel-kena-ott/ar-AA1JjCLp?apiversion=v2&noservercache=1&domshim=1&renderwebcomponents=1&wcseo=1&batchservertelemetry=1&noservertelemetry=1]
SPPG Kota Palangka Raya Jekan Raya Menteng 2,SDN Petuk Ketimpun Dapat Jatah MBG,RRI.co.id,"Thu, 09 Oct 2025 07:00:00 GMT",https://rri.co.id/palangkaraya/makan-bergizi-gratis/1891885/sdn-petuk-ketimpun-dapat-jatah-mbg,"KBRN, Palangka Raya: Sebagai upaya pemerataan, Tim dari UPTD Puskesmas Jekan Raya melakukan koordinasi langsung ke salah satu sekolah di wilayah binaan di SDN 2 Petuk Katimpun, Palangka Raya.

Secara kebetulan, pada saat yang sama sedang berlangsung kegiatan pendistribusian Makanan Bergizi Gratis (MBG) untuk para anak didik.

Tim kesehatan bersama Bhabinkamtibmas yang turut hadir di lokasi, memanfaatkan momen tersebut untuk meninjau secara langsung kualitas makanan yang dibagikan kepada murid.

... [Selengkapnya di file TXT]"
SPPG Kota Palangka Raya Jekan Raya Menteng 2,"Lokasi Nobar Timnas 2025 di Samarinda, Balikpapan, Palangkaraya",Tirto.id,"Thu, 20 Mar 2025 07:00:00 GMT",https://tirto.id/info-lokasi-nobar-timnas-vs-australia-2025-samarinda-balikpapan-palangkaraya-g9Gx,"tirto.id - Perjalanan Indonesia dalam Kualifikasi Piala Dunia 2026 mendekati momen krusial saat menghadapi Australia di matchday ke-7 Grup C. Pertandingan seru ini akan digelar pada Kamis, 20 Maret 2025, pukul 16.10 WIB / 17.10 WITA di Sydney Football Stadium, Australia. Para penggemar dapat menyaksikan siaran langsungnya melalui RCTI, GTV, dan Vision+ di channel Sportstars 2.

Selain perubahan di lini pemain, pergantian besar juga terjadi di kursi kepelatihan. Shin Tae-yong, sosok yang membawa ... [Selengkapnya di file TXT]"
SPPG Kota Palangka Raya Bukit Batu Tangkiling,Camat Bukit Batu dan Lurah Tangkiling tinjau Dapur Umum SPPG dalam Rangka Mendukung Program Gizi Nasional,Pemerintah Kota Palangka Raya,"Wed, 30 Jul 2025 07:00:00 GMT",https://palangkaraya.go.id/camat-bukit-batu-dan-lurah-tangkiling-tinjau-dapur-umum-sppg-dalam-rangka-mendukung-program-gizi-nasional/,"Camat Bukit Batu, Bapak Hendrikus Satrya Budi, A.P., M.A.P bersama Lurah Tangkiling, Kecamatan Bukit Batu melakukan peninjauan terhadap Dapur Umum Satuan Pemenuhan Pelayanan Gizi (SPPG) yang berlokasi di Jl. Bukit Tunggal (Sukamulya), Kelurahan Tangkiling. Dapur umum ini direncanakan akan mulai beroperasi pada tanggal 4 Agustus 2025 mendatang.

Kegiatan ini merupakan bagian dari dukungan Pemerintah Kecamatan Bukit Batu terhadap Program Gizi Nasional, sekaligus selaras dengan pelaksanaan Program ... [Selengkapnya di file TXT]"
SPPG Kota Palangka Raya Bukit Batu Tangkiling,Camat Bukit Batu didampingi Plt.Sekcam dan Lurah Tumbang Tahai tinjau Dapur Umum SPPG dalam rangka Mendukung Program Gizi Nasional sekaligus perdana per tanggal 4 Agustus 2025 di distribusikan ke Anak sekolah di wilayah Kecamatan Bukit Bat,Pemerintah Kota Palangka Raya,"Mon, 04 Aug 2025 07:00:00 GMT",https://palangkaraya.go.id/camat-bukit-batu-didampingi-plt-sekcam-dan-lurah-tumbang-tahai-tinjau-dapur-umum-sppg-dalam-rangka-mendukung-program-gizi-nasional-sekaligus-perdana-per-tanggal-4-agustus-2025-di-distribusikan-ke-anak/,"Camat Bukit Batu, Bapak Hendrikus Satrya Budi, A.P., M.A.P didampingi Plt. Seretaris Kecamatan Bapak Dony Wandira, S.STP., M.Si dan Lurah Tumbang Tahai Bapak Satriajaya, meninjau dapur umum milik SPPG (Satuan Pelayanan Pemenuhan Gizi) di Jalan Bukit Tunggal Kelurahan Tangkiling Kecamatan Bukit Batu Kota Palangka Raya pada tanggal 4 Agustus 2025. Dapur umum ini didirikan untuk mendukung Program Gizi Nasional dengan menyediakan makan siang gratis bagi anak sekolah di wilayah Kecamatan Bukit Batu.
... [Selengkapnya di file TXT]"
SPPG Kota Palangka Raya Bukit Batu Tangkiling,"GEGER! Temuan Mayat di Hutan Tumbang Tahai, Palangka Raya",Berita Seputar Borneo,"Thu, 05 Jun 2025 07:00:00 GMT","https://seputarborneo.com/news/16390_GEGER!_Temuan_Mayat_di_Hutan_Tumbang_Tahai,_Palangka_Raya.html","SB, PALANGKA RAYA – Warga Desa Tumbang Tahai, Kecamatan Bukit Batu (Tangkiling), Kota Palangka Raya, digemparkan oleh penemuan tengkorak manusia di dalam kawasan hutan pada Kamis siang 5 Juni 2025.

Penemuan tersebut mengundang perhatian luas dari masyarakat. Pasalnya, selain tengkorak, ditemukan pula bagian-bagian tubuh lainnya yang sudah dalam kondisi tulang belulang.

Dugaan sementara, jasad itu telah lama berada di lokasi sebelum akhirnya ditemukan.

Setelah menerima laporan dari warga, piha... [Selengkapnya di file TXT]"
SPPG Kota Palangka Raya Bukit Batu Tangkiling,Wisata 'Matan Andau' alternatif baru liburan warga Palangka Raya,ANTARA News,"Sun, 30 Apr 2023 07:00:00 GMT",https://www.antaranews.com/video/3513114/wisata-matan-andau-alternatif-baru-liburan-warga-palangka-raya,[Isi berita gagal diekstrak secara utuh. Teks terlalu pendek atau diproteksi. Cek manual link: https://www.antaranews.com/video/3513114/wisata-matan-andau-alternatif-baru-liburan-warga-palangka-raya]
SPPG Kota Palangka Raya Bukit Batu Tangkiling,"Tangkiling, 29 Juli 2025_ Camat Bukit Batu, Bapak Hendrikus Satrya Budi, A.P., M.A.P bersama Lurah Tangkiling, Kecamatan… – Pemerintah Kota Palangka Raya",Pemerintah Kota Palangka Raya,"Wed, 30 Jul 2025 07:00:00 GMT",https://palangkaraya.go.id/tangkiling-29-juli-2025_-camat-bukit-batu-bapak-hendrikus-satrya-budi-a-p-m-a-p-bersama-lurah-tangkiling-kecamatan/,"Camat Bukit Batu, Bapak Hendrikus Satrya Budi, A.P., M.A.P bersama Lurah Tangkiling, Kecamatan Bukit Batu melakukan peninjauan terhadap Dapur Umum Satuan Pemenuhan Pelayanan Gizi (SPPG) yang berlokasi di Jl. Bukit Tunggal (Sukamulya), Kelurahan Tangkiling. Dapur umum ini direncanakan akan mulai beroperasi pada tanggal 4 Agustus 2025 mendatang.

Kegiatan ini merupakan bagian dari dukungan Pemerintah Kecamatan Bukit Batu terhadap Program Gizi Nasional, sekaligus selaras dengan pelaksanaan Program ... [Selengkapnya di file TXT]"
SPPG Kota Palangka Raya Bukit Batu Tangkiling,Mayat lelaki ditemukan sudah membusuk disamping sepeda motor bebek,ANTARA News Jambi,"Sun, 20 Sep 2020 07:00:00 GMT",https://jambi.antaranews.com/berita/410853/mayat-lelaki-ditemukan-sudah-membusuk-disamping-sepeda-motor-bebek,[Isi berita gagal diekstrak secara utuh. Teks terlalu pendek atau diproteksi. Cek manual link: https://jambi.antaranews.com/berita/410853/mayat-lelaki-ditemukan-sudah-membusuk-disamping-sepeda-motor-bebek]
SPPG Kota Palangka Raya Jekan Raya Bukit Tunggal 4,Dalih BGN Kalteng soal Keracunan MBG di Palangka Raya: Belum Bisa Disimpulkan Tanpa Uji Laboratorium,Kompas.com,"Mon, 06 Oct 2025 07:00:00 GMT",https://regional.kompas.com/read/2025/10/06/080749078/dalih-bgn-kalteng-soal-keracunan-mbg-di-palangka-raya-belum-bisa?page=all,"PALANGKA RAYA, KOMPAS.com - Sebanyak 27 siswa Sekolah Dasar Negeri (SDN) 3 Bukit Tunggal, Kecamatan Jekan Raya, Kota Palangka Raya, Kalimantan Tengah (Kalteng), mengalami gejala keracunan makanan usai menyantap makan bergizi gratis (MBG) pada Kamis, 4 September 2025 lalu.

Puluhan siswa itu mengalami pusing, mual, hingga muntah-muntah setelah mengonsumsi MBG dengan menu burger.

Diketahui, pihak SPPG yang menyediakan menu tersebut mengakui bahwa ada saus kedaluwarsa empat bulan yang digunakan.

... [Selengkapnya di file TXT]"
SPPG Kota Palangka Raya Jekan Raya Bukit Tunggal 4,Perjanjian SPPG untuk Tutupi Informasi Keracunan MBG Tuai Kritik,Tirto.id,"Fri, 03 Oct 2025 07:00:00 GMT",https://tirto.id/perjanjian-sppg-untuk-tutupi-informasi-keracunan-mbg-tuai-kritik-hiXa,[Isi berita gagal diekstrak secara utuh. Teks terlalu pendek atau diproteksi. Cek manual link: https://tirto.id/perjanjian-sppg-untuk-tutupi-informasi-keracunan-mbg-tuai-kritik-hiXa]
SPPG Kota Palangka Raya Jekan Raya Bukit Tunggal 4,Camat Bukit Batu didampingi Plt.Sekcam dan Lurah Tumbang Tahai tinjau Dapur Umum SPPG dalam rangka Mendukung Program Gizi Nasional sekaligus perdana per tanggal 4 Agustus 2025 di distribusikan ke Anak sekolah di wilayah Kecamatan Bukit Bat,Pemerintah Kota Palangka Raya,"Mon, 04 Aug 2025 07:00:00 GMT",https://palangkaraya.go.id/camat-bukit-batu-didampingi-plt-sekcam-dan-lurah-tumbang-tahai-tinjau-dapur-umum-sppg-dalam-rangka-mendukung-program-gizi-nasional-sekaligus-perdana-per-tanggal-4-agustus-2025-di-distribusikan-ke-anak/,"Camat Bukit Batu, Bapak Hendrikus Satrya Budi, A.P., M.A.P didampingi Plt. Seretaris Kecamatan Bapak Dony Wandira, S.STP., M.Si dan Lurah Tumbang Tahai Bapak Satriajaya, meninjau dapur umum milik SPPG (Satuan Pelayanan Pemenuhan Gizi) di Jalan Bukit Tunggal Kelurahan Tangkiling Kecamatan Bukit Batu Kota Palangka Raya pada tanggal 4 Agustus 2025. Dapur umum ini didirikan untuk mendukung Program Gizi Nasional dengan menyediakan makan siang gratis bagi anak sekolah di wilayah Kecamatan Bukit Batu.
... [Selengkapnya di file TXT]"
SPPG Kota Palangka Raya Jekan Raya Bukit Tunggal 4,"Puluhan Murid SD Keracunan MBG, Kadisdik Kota Minta SPPG Lebih Berhati-hati dan Teliti",Prokalteng,"Mon, 29 Sep 2025 07:00:00 GMT",https://prokalteng.jawapos.com/pemerintahan/pemko-palangka-raya/29/09/2025/puluhan-murid-sd-keracunan-mbg-kadisdik-kota-minta-sppg-lebih-berhati-hati-dan-teliti/,"PALANGKA RAYA, PROKALTENG.CO – Sebanyak 27 siswa sekolah dasar (SD) di Kota Palangka Raya, Kalimantan Tengah, diduga mengalami keracunan setelah menyantap menu makan bergizi gratis (MBG).

“Kejadian ini sebenarnya di tanggal 4 September tadi. Ini terjadi di Sekolah SDN 3 Bukit Tunggal. Ada anak-anak sakit perut, makanya kita minta pihak sekolah melaporkan ke Satuan Pelayanan Pemenuhan Gizi (SPPG),” kata Kepala Dinas Pendidikan Kota Palangka Raya, Jayani, Senin. (29/9/2025)

Dia menjelaskan, piha... [Selengkapnya di file TXT]"
SPPG Kota Palangka Raya Jekan Raya Bukit Tunggal 4,"27 Siswa Palangka Raya Diduga Keracunan MBG, Disdik Benarkan Anak Sakit Perut, BGN Singgung Imun",Kompas.com,"Mon, 29 Sep 2025 07:00:00 GMT",https://regional.kompas.com/read/2025/09/29/191243878/27-siswa-palangka-raya-diduga-keracunan-mbg-disdik-benarkan-anak-sakit,"PALANGKA RAYA, KOMPAS.com - Terjadi perbedaan keterangan antara Dinas Pendidikan Kota Palangka Raya dan Badan Gizi Nasional (BGN) terkait insiden 27 siswa SD yang jatuh sakit usai menyantap Makan Bergizi Gratis (MBG) pada 4 September 2025.

Pihak Disdik menyebut peristiwa itu sebagai keracunan, sementara BGN menolaknya dengan alasan kondisi imunitas siswa.

Dinas Pendidikan Kota Palangka Raya menjelaskan kronologi peristiwa dugaan keracunan yang dialami oleh 27 orang siswa sekolah dasar (SD) usa... [Selengkapnya di file TXT]"
SPPG Kota Palangka Raya Jekan Raya Bukit Tunggal 4,15 Dapur SPPG di Palangka Raya Belum Kantongi Sertifikat Higiene,Tirto.id,"Thu, 02 Oct 2025 07:00:00 GMT",https://tirto.id/15-dapur-sppg-di-palangka-raya-belum-kantongi-sertifikat-higiene-hiSK,[Isi berita gagal diekstrak secara utuh. Teks terlalu pendek atau diproteksi. Cek manual link: https://tirto.id/15-dapur-sppg-di-palangka-raya-belum-kantongi-sertifikat-higiene-hiSK]
SPPG Kota Palangka Raya Jekan Raya Bukit Tunggal 4,"Fakta Baru Keracunan MBG di Palangka Raya, Dapur SPPG Ternyata Belum Punya SLHS dan Staf Tak Terlatih",Kompas.com,"Tue, 30 Sep 2025 07:00:00 GMT",https://regional.kompas.com/read/2025/09/30/155013178/fakta-baru-keracunan-mbg-di-palangka-raya-dapur-sppg-ternyata-belum-punya,"PALANGKA RAYA, KOMPAS.com - Satuan Pelayanan Pemenuhan Gizi (SPPG) Bukit Tunggal yang memproduksi menu makan bergizi gratis (MBG) untuk siswa SDN 3 Bukit Tunggal, Kota Palangka Raya, Kalimantan Tengah, yang berujung keracunan pada 4 September lalu, ternyata belum memiliki sertifikat laik higiene dan sanitasi (SLHS).

Tak hanya belum memiliki SLHS, pramusaji yang bekerja di SPPG saat kejadian itu belum menerima pelatihan untuk menyajikan makanan dengan baik (pelatihan penjamah makanan).

Hal itu ... [Selengkapnya di file TXT]"
SPPG Kota Palangka Raya Jekan Raya Bukit Tunggal 4,"Baru 16 Sekolah Terlayani, Program Makan Bergizi di Palangka Raya Butuh 20 Titik SPPG",Kompas.com,"Fri, 24 Jan 2025 08:00:00 GMT",https://regional.kompas.com/read/2025/01/24/103855378/baru-16-sekolah-terlayani-program-makan-bergizi-di-palangka-raya-butuh-20?page=all,"PALANGKA RAYA, KOMPAS.com - Program makan bergizi gratis (MBG) di Kota Palangka Raya, Provinsi Kalimantan Tengah, masih belum dapat menyentuh seluruh sekolah di kota setempat.

Hal ini disebabkan karena masih terbatasnya jumlah dapur umum atau Satuan Pelayanan Pemenuhan Gizi (SPPG).

Hingga kini, program MBG di Palangka Raya masih terbatas dilakukan di 16 sekolah yang menjadi cakupan satu SPPG.

SPPG untuk MBG di 16 sekolah itu terletak di Jalan Bukit Kenanga, Kelurahan Palangka, Kecamatan Jekan... [Selengkapnya di file TXT]"
SPPG Kota Palangka Raya Jekan Raya Bukit Tunggal 4,"Program Makan Bergizi Gratis di Palangka Raya Dimulai, Sasar 16 Sekolah",Kompas.com,"Mon, 13 Jan 2025 08:00:00 GMT",https://regional.kompas.com/read/2025/01/13/120506578/program-makan-bergizi-gratis-di-palangka-raya-dimulai-sasar-16-sekolah,"PALANGKA RAYA, KOMPAS.com - Program Makan Bergizi Gratis (MBG) resmi diluncurkan di Kota Palangka Raya, Provinsi Kalimantan Tengah (Kalteng), pada hari ini, Senin (13/1/2025).

Program ini akan berlangsung di 16 sekolah dengan dukungan dari tiga titik Satuan Pelayanan Pemenuhan Gizi (SPPG).

Koordinator SPPG Tingkat Provinsi Kalteng, Elisa Agustino, menyatakan bahwa program makan bergizi gratis ini akan terus berlanjut.

Penambahan jumlah sekolah yang akan menerima program ini akan dilakukan sec... [Selengkapnya di file TXT]"
SPPG Kota Palangka Raya Jekan Raya Bukit Tunggal 4,"Polresta Palangka Raya Bangun Kantor SPPG, Wujud Nyata Dukung Program Makan Bergizi Gratis, Wali Kota Berikan Apresiasi",kaltengoke.com,"Thu, 07 Aug 2025 07:00:00 GMT",https://kaltengoke.com/2025/08/07/polresta-palangka-raya-bangun-kantor-sppg-wujud-nyata-dukung-program-makan-bergizi-gratis-wali-kota-berikan-apresiasi/,"PALANGKA RAYA – Kepolisian Resor Kota (Polresta) Palangka Raya menunjukkan komitmennya dalam mendukung Program Makan Bergizi Gratis (MBG) dengan memulai pembangunan Gedung Satuan Pelayanan Pemenuhan Gizi (SPPG) di Jalan Patin Induk, Kelurahan Bukit Tunggal, Kecamatan Jekan Raya, Rabu (6/8/2025).

Kegiatan peletakan batu pertama tersebut dipimpin langsung oleh Kapolresta Palangka Raya, Kombes Pol Dedy Supriadi, dan turut dihadiri oleh Wali Kota Palangka Raya, Fairid Naparin, unsur Forkopimda, ser... [Selengkapnya di file TXT]"
SPPG Kota Palangka Raya Pahandut Panarung,KSP Dorong Penerapan Standar “Zero Incident” di SPPG Palangka Raya,Kantor Staf Presiden,"Sat, 01 Nov 2025 07:00:00 GMT",https://www.ksp.go.id/ksp-dorong-penerapan-standar-zero-incident-di-sppg-palangka-raya.html,"Kepala Staf Kepresidenan, Muhammad Qodari, meninjau SPPG Pahandut Panarung, Kota Palangka Raya, Kamis (30/10/2025), untuk memastikan keamanan pangan dan mendorong penerapan standar “zero incident” atau bebas dari keracunan makanan. Dalam kunjungannya, Kepala Staf Kepresidenan menegaskan pentingnya disiplin menolak bahan baku yang tidak segar serta menjaga higienitas melalui prosedur ketat seperti sterilisasi peralatan dengan sinar ultraviolet. Kepala Staf Kepresidenan mengapresiasi komitmen Peme... [Selengkapnya di file TXT]"
SPPG Kota Palangka Raya Pahandut Panarung,Baru Tiga SPPG di Palangka Raya Raih Sertifikat Laik Higiene Sanitasi - Kaltengpos.jawapos.com,KaltengPos,"Mon, 03 Nov 2025 08:00:00 GMT",https://kaltengpos.jawapos.com/palangka-raya/2626781412/baru-tiga-sppg-di-palangka-raya-raih-sertifikat-laik-higiene-sanitasi,"PALANGKA RAYA – Pemerintah Kota (Pemko) Palangka Raya melalui Dinas Kesehatan (Dinkes) terus berupaya meningkatkan standar kebersihan dan keamanan pangan di wilayahnya.

Salah satu langkah yang dilakukan adalah mendorong seluruh Sentra Penyediaan Pangan dan Gizi (SPPG) agar memiliki Sertifikat Laik Higiene Sanitasi (SLHS).

Plt Kepala Dinas Kesehatan Kota Palangka Raya Riduan mengatakan saat ini terdapat 18 SPPG yang terdaftar di Kota Palangka Raya.

Baca Juga: Perketat Standar MBG, Cegah Makana... [Selengkapnya di file TXT]"
SPPG Kota Palangka Raya Pahandut Panarung,"Wali Kota Palangka Raya dalam hal ini Wakil Wali Kota Palangka Raya, Achmad Zaini, menyambut kedatangan Kepala Staf Kepr… – Pemerintah Kota Palangka Raya",Pemerintah Kota Palangka Raya,"Thu, 30 Oct 2025 07:00:00 GMT",https://palangkaraya.go.id/wali-kota-palangka-raya-dalam-hal-ini-wakil-wali-kota-palangka-raya-achmad-zaini-menyambut-kedatangan-kepala-staf-kepr/,"Wali Kota Palangka Raya dalam hal ini Wakil Wali Kota Palangka Raya, Achmad Zaini, menyambut kedatangan Kepala Staf Kepresidenan Republik Indonesia, Dr. Muhammad Qodari, dalam rangka Kunjungan Kerja di Provinsi Kalimantan Tengah, bertempat di Bandara Tjilik Riwut Palangka Raya, Kamis (30/10/2025).

Kunjungan kerja tersebut dilaksanakan dalam rangka verifikasi lapangan Program Hasil Terbaik Cepat Pemerintah, yang merupakan bagian dari upaya pemerintah pusat untuk memastikan pelaksanaan program pr... [Selengkapnya di file TXT]"
SPPG Kota Palangka Raya Pahandut Panarung,Program Makan Bergizi Gratis di Palangka Raya Terus Berjalan,RRI.co.id,"Sun, 11 Jan 2026 08:00:00 GMT",https://rri.co.id/palangkaraya/makan-bergizi-gratis/2099492/contact.html,"KBRN, Palangka Raya: Program Makan Bergizi Gratis (MBG) hingga saat ini masih terus diberlakukan di seluruh sekolah yang terjadwal menerima layanan. Pemberi layanan adalah masing-masing Satuan Pelayanan Pemenuhan Gizi (SPPG) di Kota Palangka Raya.

Ahli Gizi SPPG Pahandut Langkai 1, Anisa Widyaningsih, menyampaikan bahwa dapur SPPG Pahandut Langkai 1 yang merupakan milik TNI AD telah beroperasi sejak 27 Agustus 2025. SPPG ini melayani sebanyak 3.121 siswa penerima manfaat dari 24 sekolah di Keca... [Selengkapnya di file TXT]"
SPPG Kota Palangka Raya Pahandut Panarung,Kepala Staf Kepresidenan RI Tinjau Koperasi Merah Putih di Palangka Raya,Media Center Kota Palangka Raya,"Fri, 31 Oct 2025 07:00:00 GMT",https://mediacenter.palangkaraya.go.id/kepala-staf-kepresidenan-ri-tinjau-koperasi-merah-putih-di-palangka-raya/,"MEDIA CENTER, Palangka Raya – Kepala Staf Kepresidenan Republik Indonesia, Muhammad Qodari, melakukan kunjungan kerja ke Kota Palangka Raya, Kamis (30/10/2025).

Kunjungan ini bertujuan untuk memastikan implementasi berbagai program pemberdayaan masyarakat dan pendidikan nonformal yang menjadi perhatian pemerintah pusat berjalan efektif di daerah.

Dalam kunjungan tersebut, Qodari didampingi Wakil Wali Kota Palangka Raya, Achmad Zaini, serta sejumlah pejabat di lingkungan Pemerintah Kota Palangk... [Selengkapnya di file TXT]"
SPPG Kota Palangka Raya Pahandut Panarung,Makan Bergizi Gratis Harus Higienis dan Sehat,RRI.co.id,"Fri, 12 Sep 2025 07:00:00 GMT",https://rri.co.id/palangkaraya/makan-bergizi-gratis/1829480/makan-bergizi-gratis-harus-higienis-dan-sehat,"KBRN, Palangka Raya: Keamanan dan kesehatan cara mengemas makanan merupakan syarat mutlak bagi keberhasilan program Makan Bergizi Gratis (MBG), juga sebagai antisipasi anak-anak keracunan makanan.

Ketua Tim Informasi dan Komunikasi Balai Besar Pengawas Obat dan Makanan Palangka Raya Wahyuri mengatakan, Pihaknya baru saja menggelar pelatihan keamanan pangan siap saji bagi penjamah pangan di Satuan Pemenuhan Pelayanan Gizi (SPPG), tujuannya sangat penting, guna memastikan makanan yang disajikan t... [Selengkapnya di file TXT]"
SPPG Kota Palangka Raya Pahandut Panarung,Polda bongkar penjualan belasan ribu botol oli palsu di Palangka Raya,ANTARA News Kalteng,"Fri, 06 Oct 2023 07:00:00 GMT",https://kalteng.antaranews.com/berita/658965/polda-bongkar-penjualan-belasan-ribu-botol-oli-palsu-di-palangka-raya,"Palangka Raya (ANTARA) -  Direktorat Reserse Kriminal Khusus (Ditreskrimsus) Polda Kalteng membongkar kasus penjualan belasan ribu botol oli atau pelumas palsu yang berada di dua lokasi di Palangka Raya, dengan meringkus lima tersangka.

Kasubdit I Indagsi Ditreskrimsus Polda Kalteng AKBP Telly Alvin di Palangka Raya, Jumat, mengatakan lima tersangka dalam penjualan oli atau pelumas palsu tersebut diantaranya empat laki-laki berinisial MR (34), TAS (48), HF (31), RD (26) dan seorang perempuan be... [Selengkapnya di file TXT]"
SPPG Kota Palangka Raya Pahandut Panarung,"Berita Populer Palangka Raya, Dugaan Keracunan MBG di SPPG Panarung, Terdakwa Alvaro Ajukan Kasasi",kalteng.tribunnews.com,"Sat, 07 Feb 2026 08:00:00 GMT",https://kalteng.tribunnews.com/palangka-raya/227607/berita-populer-palangka-raya-dugaan-keracunan-mbg-di-sppg-panarung-terdakwa-alvaro-ajukan-kasasi,"TRIBUNKALTENG.COM, PALANGKA RAYA - Tak berhenti dari hasil vonis banding yang tetap menguatkan vonis sebelumnya penjara seumur hidup oleh majelis hakim. Terdakwa Alvaro Jordan pun menempuh jalan lain untuk mencari keadilan.

Terdakwa Pembunuhan Nurmaliza, Alvaro Jordan mengajukan permohonan kasasi atas putusan banding Pengadilan Tinggi Palangka Raya.

Berdasarkan rilis Pemberitahuan Pernyataan Permohonan Kasasi Melalui Surat Tercatat Nomor 249/Akta Pid.B/2025/PN Plk, disampaikan terdakwa Albaro ... [Selengkapnya di file TXT]"
SPPG Kota Palangka Raya Pahandut Panarung,"Kepala Staf Kepresidenan Muhammad Qodari Tinjau SPPG Palangka Raya, Tegaskan Target Zero Incident Keamanan Pangan",IdisNews,"Thu, 30 Oct 2025 07:00:00 GMT",https://idisnews.co.id/berita/kepala-staf-kepresidenan-muhammad-qodari-tinjau-sppg-palangka-raya-tegaskan-target-zero-incident-keamanan-pangan,"IDISNEWS.CO.ID - Kepala Staf Kepresidenan (KSP), Muhammad Qodari, meninjau Sentra Pengolahan Pangan Gizi (SPPG) Pahandut Panarung, Kota Palangka Raya, sebagai bagian dari upaya memastikan keamanan pangan nasional dan mendukung target Presiden RI untuk mewujudkan kondisi “zero incident” atau bebas dari kasus keracunan makanan di seluruh Indonesia.

Dalam kunjungan tersebut, Qodari menekankan pentingnya disiplin tinggi dan penerapan prosedur standar kebersihan serta keamanan pangan di setiap lini ... [Selengkapnya di file TXT]"
SPPG Kota Palangka Raya Pahandut Langkai 2,"Polda Kalteng Bangun Fasilitas Gedung SPPG 2, Bentuk Komitme",Tribrata News,"Tue, 24 Feb 2026 08:00:00 GMT",https://tribratanews.polri.go.id/blog/nasional-3/polda-kalteng-bangun-fasilitas-gedung-sppg-2-bentuk-komitmen-mengawal-program-mbg-99244,"Tribratanews.polri.go.id - Jakarta. Polda Kalimantan Tengah mengawal pelaksanaan Program Makan Bergizi Gratis (MBG) agar terlaksana dengan baik serta memberi manfaat optimal dalam pemenuhan kebutuhan gizi masyarakat.Kapolda Kalimantan Tengah Irjen Iwan Kurniawan mengatakan, salah satu bentuk dukungan pihaknya adalah melalui pembangunan fasilitas Gedung Satuan Pelayanan Pemenuhan Gizi (SPPG) 2.""Ini merupakan langkah konkret jajaran Kepolisian Daerah Kalimantan Tengah dalam mendukung peningkatan k... [Selengkapnya di file TXT]"
SPPG Kota Palangka Raya Pahandut Langkai 2,Wagub Kalteng Resmikan SPPG Langkai 4 Pahandut untuk Perkuat Program Makan Bergizi Gratis,Pemerintah Provinsi Kalimantan Tengah,"Thu, 20 Nov 2025 08:00:00 GMT",https://kalteng.go.id/berita/read/42382/wagub-kalteng-resmikan-sppg-langkai-4-pahandut-untuk-perkuat-program-makan-bergizi-gratis,"Palangka Raya – Wakil Gubernur Kalimantan Tengah, Edy Pratowo, didampingi Plt. Sekretaris Daerah Provinsi Kalteng, Leonard S. Ampung, meresmikan pembukaan Satuan Pelayanan Pemenuhan Gizi (SPPG) Langkai 4 Pahandut yang berlokasi di Jl. RTA Milono, Palangka Raya, Rabu (19/11/2025).

SPPG Langkai 4 Pahandut merupakan dapur pusat yang berfungsi mendukung pelaksanaan Program Makan Bergizi Gratis (MBG) di wilayah Kota Palangka Raya. Sebelumnya, Yayasan Berkah Berlimpah Anugerah telah berkontribusi sej... [Selengkapnya di file TXT]"
SPPG Kota Palangka Raya Pahandut Langkai 2,SPPG Aktif Menyediakan Gizi Terbaik dalam Menu MBG,RRI.co.id,"Thu, 27 Nov 2025 08:00:00 GMT",https://rri.co.id/palangkaraya/makan-bergizi-gratis/2003517/sppg-aktif-menyediakan-gizi-terbaik-dalam-menu-mbg,"KBRN, Palangka Raya: Program Makan Bergizi Gratis (MBG) di Kalimantan Tengah kini telah berjalan di berbagai jenjang pendidikan, mulai dari PAUD/TK, SD, SMP hingga SMA sederajat. Pemerintah melalu Badan Gizi Nasional (BGN) merancang pembangunan Satuan Pelayanan Pemenuhan Gizi (SPPG) yang mampu memperlancar pemenuhan pangan bagi pelajar di Kalteng.

Di Kota Palangka Raya, SPPG Pahandut Langkai 1, yang dikelola TNI AD, telah beroperasi sejak 27 Agustus 2025. Ahli Gizi SPPG, Vera Selviana, menjelas... [Selengkapnya di file TXT]"
SPPG Kota Palangka Raya Pahandut Langkai 2,Kelotok Mati Mesin Ditabrak Tongkang Batu Bara di Sungai Barito,Berita Seputar Borneo,"Wed, 06 Aug 2025 07:00:00 GMT",https://seputarborneo.com/video/?video=51_Mebel_di_Sampit_Berkobar.html,"Jalan Temanggung Surajaya Pati, Kelurahan Langkai, Kecamatan Pahandut, Kota Palangka Raya, Kalimantan Tengah 73111.

Silahkan Berlanggang di berita seputar borneo untuk mendapatkan update berita terkini

Copyright © Berita Seputar Borneo. All Rights Reserved"
SPPG Kota Palangka Raya Pahandut Langkai 2,"Modus Pinjam Motor, Pria di Palangka Raya Gadaikan Kendaraan dan Ganti Plat Nomor",Kalteng.co,"Sun, 11 Jan 2026 08:00:00 GMT",https://kalteng.co/berita/modus-pinjam-motor-pria-di-palangka-raya-gadaikan-kendaraan-dan-ganti-plat-nomor-motor-kawan/,"PALANGKA RAYA, Kalteng.co – Polsek Pahandut tengah melakukan penyidikan terhadap dugaan tindak pidana penggelapan sepeda motor yang terjadi di wilayah hukumnya. Penanganan perkara tersebut dilakukan setelah polisi menerima laporan resmi, Sabtu (10/1/2026) kemarin.

Peristiwa dugaan penggelapan itu terjadi pada Kamis (8/1/2026) sekitar pukul 17.30 WIB. Insiden itu berlangsung di Kelurahan Langkai, Kecamatan Pahandut, Kota Palangka Raya. Seorang pria berinisial ML alias UFI (33), warga setempat di... [Selengkapnya di file TXT]"
SPPG Kota Palangka Raya Pahandut Langkai 2,"Dukung Program Makan Gergizi Gratis, Dandim 1016/PLK Kunjungi Unit SPPG - Kaltengpos.jawapos.com",KaltengPos,"Thu, 09 Jan 2025 08:00:00 GMT",https://kaltengpos.jawapos.com/palangka-raya/2626276552/dukung-program-makan-gergizi-gratis-dandim-1016plk-kunjungi-unit-sppg,[Isi berita gagal diekstrak secara utuh. Teks terlalu pendek atau diproteksi. Cek manual link: https://kaltengpos.jawapos.com/palangka-raya/2626276552/dukung-program-makan-gergizi-gratis-dandim-1016plk-kunjungi-unit-sppg]
SPPG Kota Palangka Raya Pahandut Langkai 2,"Hangout Ala Kaula Muda, Inilah Rekomendasi Caffe di Palangka Raya - Kaltengpos.jawapos.com",KaltengPos,"Wed, 14 May 2025 07:00:00 GMT",https://kaltengpos.jawapos.com/nasional/2626283724/hangout-ala-kaula-muda-inilah-rekomendasi-caffe-di-palangka-raya,[Isi berita gagal diekstrak secara utuh. Teks terlalu pendek atau diproteksi. Cek manual link: https://kaltengpos.jawapos.com/nasional/2626283724/hangout-ala-kaula-muda-inilah-rekomendasi-caffe-di-palangka-raya]
